ngmYD5hi9I;985;446
MtC6j94sBP;72227;2954067
Jqk3lZ7coL;767;80
06MUWzZQOy;910;9410
zeFuvv1NYZ;955;104
dznHbqaTnD;960;1425
89huOXkq8m;2113;50678
0HZbmu166Z;1183;854
2jIWpvkLxF;24141;1012067
PGeUhbFCt5;779;1447
NmbvL4YLDV;863;655
edoYG23L6x;26237;989613
EoG3NMMEOP;1239;6142
VxlLAFcDXs;1176;3839
zOe5a47Os6;1044;1314
A14sthuzJf;1066;603
f8W1MaMgQ3;1053;5300
Sj2I5tUXxz;967;647
eU2o131hGw;847;12227
cr58Fh92MP;1050;1515
EeoXWo0hap;7163;516728
bjqN3737xb;1159;4026
CFIGUhachx;724;668
4miriqrgZz;794;667
E21XN26DgO;2824;69729
w7uzAV3OlV;1031;1208
f0MdPyR8x0;708;1656
8qfyjtYMz1;905;1711
03t51z6SLW;903;897
U4trwebMG5;2756;76977
b4kbzUBcTR;1279;2341
9qeuavSTrB;675;510
jcYLnukuUw;1184;1304
DzeT56d0oN;986;1077
7UnjkyUEzS;1098;30188
lg1ssI9xA5;25749;1886022
JfwWF8lOUP;17276;108
u8OyIOvVqf;20249;1047255
Fx7BH8Kkvq;55864;2551086
Lps09ifjko;690;1329
cTC27ZybAs;845;1337
CjCXk6gE9J;26545;1814070
easPCVnl0b;920;2587
p3xycl9LO2;1039;1243
GkD6v1QnNP;1170;1780
NBWTz4aL1i;646;1281
g0jRaA47ay;27032;1672246
MxMoSjRmU1;717;667
AcbS5aNWmg;1361;20880
ZC7bv4gcLa;798;1280
xmVEf2MEWa;728;382
bdvP41AZzS;29161;1688682
w9RZt9JNi8;1060;15722
JnMUVYJdg2;656;985
kXaqR8mge4;66153;2818421
y4fLym0Aua;2320;85742
Sl07DVxrEo;899;1185
DkkGWGzmwV;1110;23458
pb7GFQhXfp;1100;14665
abaLBCgK6f;801;3106
eSwR57e35f;769;401
t4xOyAU9KU;1075;1887
EzuWDO8Bi5;735;2115
om5vYVo5iY;48701;1776632
VlWRwEMR03;933;763
7XF7sNjFDB;838;10890
TbNVOEOl5T;651;675
pM8qCXTEzr;638;1565
nS9rU66Or8;26189;2108901
Uc2djXvAIz;20803;1196117
UERGwe6pTY;37488;2133256
Nvo3Q5gfAU;1098;758
K0o5uJHYg3;1192;1248
rDT8obyoXn;810;1740
UED3RLYvML;48216;2422217
0mUO1Jq3cS;1036;656
1LJD5kf9xW;12256;553162
V0sXVGalj1;10302;642764
xTdWt1JAlg;936;17672
St86GZef66;1126;5168
Yhvy4rCwm9;846;6936
6898n76jhs;1004;375
vvLYBQ1xI6;1093;2016
NyQkO26eo3;737;1509
gk5zNLNJY7;653;4246
puahtDd2t5;594;871
ogcRITEGrg;579;181
O98v254hgz;864;1558
WM67zZ75v1;1085;13496
tZhSmUsYxD;1083;10543
67hxeOaGIM;778;945
ZjSS3fdb0A;792;1151
iEvgFiW3PY;1957;54784
pKEtjBuOjD;458;2342
YCpiqNj15W;483;821
7CGj65kOE7;1007;31
I0c1PH66Tf;4104;197530
7PsMW4gEBg;1184;10963
x2nXE4ns2x;1117;373
FCqCQ0kQ5X;971;789
yAz765LZIN;671;1070
povuZVyxUm;663;1656
F0aX9n92qc;710;984
Ca2mIZ7Woj;926;652
ZanWJT1bnT;31653;2135564
1jQaNO0dP9;1131;51459
IQTktCt5VI;935;15210
KfjA5U1EyQ;32374;1594796
pE5zlc7O2Y;14111;552857
Qa7kJmScHR;4269;175937
37jdDM75GV;1394;62996
szBHdU56p2;479;1375
cOTH5XEuZK;662;3508
bRFju69rao;615;1768
pHCrnvsfs8;30549;1775970
0ZKO3zm6cz;616;1621
w1egaikBBQ;593;3731
v4Fkvaa58h;470;1288
jqU4WYUmNv;517;3356
p6bUua8luH;991;20934
Iq5tNV0P5l;788;2995
oRCsaG7NdX;3297;195845
AWSOHi6r78;760;16414
eOf7NWrIaA;585;1172
MMkb1M7F0S;790;315
rFpeiqUwjk;710;1228
8kMk4MVmO8;418;481
C0nz7mL7Zh;26718;1551397
2kiD1akKtg;498;976
V4EHqH4SWj;34145;2043058
w1Y6rDpiw4;487;4053
m83ud5TOw7;1240;59935
UXjzFrnfwz;494;728
6ltZ7yC3Oj;661;1884
kg4dUAY1Bw;548;2591
XOvyYSq7bS;730;4706
J8o4R6hcUI;7898;294196
J3sLlYJB0p;26095;1413839
IPyc3gkhew;749;166
wAvEpb3oUs;648;494
kUq2mvUBWD;672;21078
rLTIgF10qe;1580;54338
xRiwUYXWfM;523;1351
cp65EZtm9a;530;562
yXwBx2h53T;658;703
TXHh4kcoIi;451;2811
6LgeFLdXRg;549;682
5gmsrhrHKu;640;717
fDQrLqiB3V;48311;3029078
Rajpj0RNtu;524;1954
x6tekW3gTh;463;302
Xe3k5OUNga;577;9211
rcoF6BCErZ;744;2195
uZLXeQLU2T;570;630
2DIvzaa79t;2097;76698
9tg2D44Gzh;31590;2293479
s7hcfuqtfI;848;662
TQ6vmrp9oh;598;10687
iW31Z5ZhEy;11500;550323
tG4tPY9SWX;8948;379369
uQ8UOrmRRD;758;1175
t1y4kn7RNH;685;335
H9kUopz3Mz;19853;1018029
qvgnIOrYs9;706;10847
ArfOzUmrVp;535;890
akQh8XrM51;8687;368304
hXOXSS3sCm;13232;608568
S0DfpdcRZL;664;220
RyiChhzRHX;23859;1163657
Du8bxyg85n;38940;1862820
1mdkIhjsEh;758;1869
lTne2ckXze;537;3437
Xp7KysvMQ3;497;1044
PuO146rGvC;572;709
O92SbghfwP;693;853
OswYf6ivFm;928;11925
EEjYoUyFqx;620;874
5KtSmgMZT9;448;2485
KEueZAiY1a;613;3049
fTvdWvyMl9;539;1372
5f2iImxqnS;19618;847526
m4dsZAHJz0;634;699
4TqMXD40r5;725;25570
gT7i8H21LM;760;792
8WCe8LgelZ;37006;1640555
EOtL4cUKkr;11989;478895
1O4FO9OusX;568;1014
rPCS30YBu1;664;653
a05Ku5h2nK;636;5019
NeN9SNys65;465;734
oMtFhjolEt;644;898
aJqMSXq7fO;890;693
KK8QVTq9En;482;1408
l772TsQxc9;621;913
XLWZAN35Hp;704;10143
SLa8P3wk6t;755;1848
oZCFHWiuXn;723;1940
KG0Zxk0RtO;15201;847064
95OZPNdXDy;1700;51603
xwCfftzhpc;3259;236310
2aP1lBkxgg;407;444
JKCsVVegnc;624;1111
w4vHjOubeD;551;258
t98Pij9zq0;46963;1842045
a5XxfePcDZ;730;831
584tDThkGm;187603;7389839
KrJ5g4omgB;390;766
BxhawzZCLW;645;2144
g2t4SwZo5O;490;796
5rYk0dAPm1;1484;64514
JI1GrMEtYC;654;920
777vlw0Xi2;68627;3567909
jI0AAwj7X5;530;1632
cD5w2nJ72n;439;328
T564jlJ72m;573;837
wwKOijmvfp;560;302
GwpXv2Gh6d;37892;1723457
wS14EUvGl8;558;2428
J0z5yGkrzh;32787;1837112
zAbOO1oGLL;366;574
mZq7Y0H0UR;1834;66331
yz2g6PCt55;762;276
wW3eVLIhyf;422;857
KQUi2M9Qj6;445;782
o3CcVrJDjK;684;195
8jpqTitZHw;39685;1687543
dLlPNwdUs8;32907;1660903
GzTvqTwYOa;417;2524
hLWmZ0nFT1;443;326
i2XcLzI4mP;6899;276529
WuioZb1BC8;738;15213
FqQLITG2aC;416;155
FrxRVAguAV;24501;1227883
3Fadg196V8;682;16750
a4fdOdhVTu;375;744
T119tUgA39;461;2460
I8ZS1sWz1o;627;541
8edCUlmUYP;710;1411
7yhL4NbXjF;21824;906234
PzyZNGmhaA;395;454
IJYjzW15GQ;670;561
uTUoyu48UX;411;979
9R9Tex0JDe;503;2830
T7cp1g1fHs;1830;56877
5bwMpUw1n4;15929;878298
ipkNSgoUMT;378;577
p9az6Z40Hk;14056;683007
6sesMB9NvB;623;267
97Wpa3WOLV;414;6346
N1NcIQCmkF;492;3369
U4XDgj1Zhy;557;166
xuO2TxvBeG;437;662
7DZLFbOXgy;16906;558014
Z8ca54ZHHp;191272;8120043
p629aE5yo9;415;689
I8uBEL3BMr;268632;8120117
ftBTEcNyoV;742;2325
e8u4DezPh4;6964;391027
NdjucAK6vj;641;598
eOBuXJfdff;1601;60271
i13ebQG20Y;321;403
nVK8mw8tMs;598;999
ipymNEKG7l;469;1510
M8J9SafMjW;971;14822
goAOuTQLx6;472;2179
M3856avkn3;618;540
GuAXH2kXni;53636;3627538
8i04KpxfBc;41313;2028154
KPYUkq6EXa;411;3076
UrwWIjsKvT;529;959
ggWGCJZpr6;2034;82567
VlhaSzNsHC;547;1042
a7MXkxCWWu;10922;856787
YTvm5BmQJ5;656;429
PiDgdUd8wc;451;3487
JF2CXE9Pf7;393;1406
mz16eqxvGS;511;1249
39Y9DN4esZ;567;465
aK5IjZ1TPs;499;1401
YgjnvqkGLn;479;6533
BU19ovIxk6;37144;1458025
C1BlNB5mpp;403;5110
Uux9qcg0Yx;23728;1304537
NCAKnWEeMv;550;3180
YmFB9vohuy;689;3192
87QAwJVFKR;631;143
RuUTPdjxis;110181;8144957
aIYGQ8Jpl4;583;278
B6884OalQX;400;62
ltUQmra8AP;541;3621
lFIewlojbm;431;978
nOLTwxLNoF;44672;2080389
0mHT6r0k0X;8559;527473
p8WeN5XHW0;735;8243
aOKkEBYyIG;501;176
ywnIVjJUsI;144324;7766413
DP9xsGFhRb;1352;8877
rvj1TdxqP2;433;972
tU92F7nRxL;663;1536
wKglH7d5qH;34002;1271484
JH9oZdexgO;454;7322
5qDQ9KUivY;440;985
XcKXRDRAwT;14971;850824
MnbMlfby7T;16691;1073016
gdX0Z8ELRi;441;549
gXSo5HJbXE;587;407
DmAEwKvT9y;415;3874
rAiNUrqTG8;341;1370
TUweJHdw16;691;13188
VeAixKxjHG;484;1327
I4BLItqjZI;372;537
lwx4CCpCgd;618;636
a0N3LdkLoh;1676;60440
taYaDcHf9c;448;5103
6KibvA7c4J;827;27249
dolwcs2HtM;43631;2091699
NkqzLdKBc3;432;374
5UH58TdQsc;455;451
WaSYEcOFVz;32833;2347727
Tqp7VdL3P4;764;22760
LG3M43xgVd;529;391
ySMrCIsyrU;598;289
mYxLpp3jK4;42971;1929737
jRhmjGFzQK;22358;1426312
zZmeQW6BAx;462;1133
wtiqTAElFV;583;1211
d7Dr8fYPPA;619;2181
OkFd9BapgE;8212;328131
sXkXrpbkQf;383;911
VPyMExw3iS;553;5303
SCiHmBQAlK;426;1013
tiZ7XVoXEH;602;3011
aJkwu6hzKc;9514;476792
2B1wih02f7;534;386
w7keq5xkV6;514;1986
EFnvucAI24;7368;1160735
30XpowSfrm;77922;3001744
eZBoBo65zL;56537;2628873
